"id","first_name","last_name","email","birthdate","added",
"51","Faustino","Little","5","1984-03-30","1972-05-28 21:53:04",
"53","Adonis","Homenick","2","1974-01-19","1971-07-09 15:32:23",
"55","Gina","Ortiz","9","2007-04-09","2010-01-14 19:07:37",
"56","Betty","Sporer","4","2012-06-28","1975-08-12 11:10:46",
"57","Karlie","Feeney","1","2016-11-14","2000-07-18 11:04:39",
"59","Arianna","Cole","8","2018-02-11","2017-12-11 11:25:47",
"62","Dewitt","Leffler","","2013-06-07","1979-04-26 18:12:08",
"63","Alfonso","Steuber","6","1973-06-13","2013-02-21 07:11:42",
"66","Tyson","Paucek","3","1981-05-21","2011-05-08 19:43:18",
"82","Ollie","White","7","1984-06-25","1977-10-15 12:36:16",
